,A2C,PPO,DDPG,SAC
mean_reward,2.5614523027569467,2.801458585921408,2.0317916204435527,2.555794108527295
std_reward,0.0,4.440892098500626e-16,0.0,0.0
mean_final_value,23894659.7708536,41219750.180638865,11904223.54539539,23730014.85490716
std_final_value,3.725290298461914e-09,7.450580596923828e-09,0.0,0.0
all_rewards,"[np.float64(2.5614523027569467), np.float64(2.5614523027569467), np.float64(2.5614523027569467), np.float64(2.5614523027569467), np.float64(2.5614523027569467), np.float64(2.5614523027569467), np.float64(2.5614523027569467), np.float64(2.5614523027569467), np.float64(2.5614523027569467), np.float64(2.5614523027569467)]","[np.float64(2.8014585859214076), np.float64(2.8014585859214076), np.float64(2.8014585859214076), np.float64(2.8014585859214076), np.float64(2.8014585859214076), np.float64(2.8014585859214076), np.float64(2.8014585859214076), np.float64(2.8014585859214076), np.float64(2.8014585859214076), np.float64(2.8014585859214076)]","[np.float64(2.0317916204435527), np.float64(2.0317916204435527), np.float64(2.0317916204435527), np.float64(2.0317916204435527), np.float64(2.0317916204435527), np.float64(2.0317916204435527), np.float64(2.0317916204435527), np.float64(2.0317916204435527), np.float64(2.0317916204435527), np.float64(2.0317916204435527)]","[np.float64(2.555794108527295), np.float64(2.555794108527295), np.float64(2.555794108527295), np.float64(2.555794108527295), np.float64(2.555794108527295), np.float64(2.555794108527295), np.float64(2.555794108527295), np.float64(2.555794108527295), np.float64(2.555794108527295), np.float64(2.555794108527295)]"
all_final_values,"[23894659.770853598, 23894659.770853598, 23894659.770853598, 23894659.770853598, 23894659.770853598, 23894659.770853598, 23894659.770853598, 23894659.770853598, 23894659.770853598, 23894659.770853598]","[41219750.18063887, 41219750.18063887, 41219750.18063887, 41219750.18063887, 41219750.18063887, 41219750.18063887, 41219750.18063887, 41219750.18063887, 41219750.18063887, 41219750.18063887]","[11904223.54539539, 11904223.54539539, 11904223.54539539, 11904223.54539539, 11904223.54539539, 11904223.54539539, 11904223.54539539, 11904223.54539539, 11904223.54539539, 11904223.54539539]","[23730014.85490716, 23730014.85490716, 23730014.85490716, 23730014.85490716, 23730014.85490716, 23730014.85490716, 23730014.85490716, 23730014.85490716, 23730014.85490716, 23730014.85490716]"
