iteration,mean_annualized_return,std_annualized_return,mean_sharpe_ratio,std_sharpe_ratio,mean_max_drawdown,std_max_drawdown,mean_annualized_volatility,std_annualized_volatility,mean_final_portfolio_value,std_final_portfolio_value
0,0.1510054920008675,0.0012914201740381922,2.255165485321357,0.023917171670069157,-0.03199557846184682,0.0005404350551767338,0.056224588064621786,0.00020535803841320832,1149721.4990783525,1279.7365986916495
1,0.15340697753458105,0.0016174761842329697,1.4066589822959665,0.021046823156462523,-0.09862887995871135,0.0004834386672559636,0.0918503361516118,0.0004803801794044487,1325344.3016025573,1084.9797732774991
2,0.005029029204012403,0.0012323471518204399,-0.360147701840009,0.02438683771453617,-0.05534464265943575,0.0002956284362557419,0.05327520459567638,0.00021354438200979473,1331956.8077177848,2179.1568796436095
3,-0.12369745558237914,0.001701552072068162,-1.724671409982842,0.01995833963654943,-0.16962378053856758,0.0015795635516939806,0.08576058459697311,0.00011927005484187593,1168418.4377058602,1687.2792686718924
4,0.06701354674261051,0.0018176906589787774,0.5454855687172924,0.023052767494542853,-0.08691702651483657,0.0007501539719276324,0.07846630765501723,0.00015902418605564343,1245753.222235808,910.0725291031232
5,0.053945348843878894,0.000989706933555173,0.4372737477656872,0.014905291822158648,-0.03992250056219788,0.000530244597490447,0.06800104642168676,0.00010330322057593447,1312134.0678790067,628.2324870445175
