iteration,mean_annualized_return,std_annualized_return,mean_sharpe_ratio,std_sharpe_ratio,mean_max_drawdown,std_max_drawdown,mean_annualized_volatility,std_annualized_volatility,mean_final_portfolio_value,std_final_portfolio_value
0,0.1153834015326471,0.016680196304826096,2.2150432937201416,0.4616024653859386,-0.017001157205235325,0.0038342443622828384,0.04178974856880858,0.00503218771406203,1114416.191182087,16533.123221774742
1,0.12401791052965727,0.013111255311553612,1.0129797113170158,0.12913973960965427,-0.10127112060336067,0.017533357397492025,0.09915658324217849,0.011874680055623579,1123496.2661574024,13053.318586813937
2,0.028185829906424043,0.040271374556129856,0.05203282939834557,0.7159205688450122,-0.04093272580406261,0.013285808998319841,0.053427731206837456,0.006547821995462774,1027952.8289033541,39942.69196316112
3,-0.0743511826957846,0.0126754150805277,-1.193958032310616,0.16158171666824736,-0.12912638199740187,0.014373580474894022,0.08468012582864529,0.01831328161401381,926215.8930728348,12582.8677333116
4,0.07453074261427375,0.01022188969821349,0.9085452659608425,0.00855303621859952,-0.04396995038170955,0.011333343669203058,0.05535562314768481,0.011104134851695893,1073611.0217594479,10091.46120030146
5,0.09204999681092389,0.026403517190831637,1.270872817303792,0.3364011605950623,-0.023401401934712154,0.005943922883778213,0.0525867814361554,0.009987255298725397,1090902.0743452725,26059.693426501304
