metric,mean,std,min,max
cumulative_return,0.30785889184573023,0.0006137588770557213,0.307164694183786,0.3087862999211073
annualized_return,0.045965031470254394,8.218638705055582e-05,0.04587206540383404,0.04608920218854262
annualized_volatility,0.07396797052972764,0.00011908161473378186,0.07373839661274022,0.07406639895732285
sharpe_ratio,0.2940987288785223,0.0008587550189456178,0.29291293761365217,0.29545163388474144
sortino_ratio,0.4234767519808166,0.0010229246669953655,0.42250025619975373,0.4253076425378235
max_drawdown,-0.18016509334689962,0.001293697884101026,-0.1821977758850693,-0.1787721401496531
final_portfolio_value,1312134.0678790067,628.2324870445175,1311420.9124735633,1313073.3927594582
