iteration,mean_annualized_return,std_annualized_return,mean_sharpe_ratio,std_sharpe_ratio,mean_max_drawdown,std_max_drawdown,mean_annualized_volatility,std_annualized_volatility,mean_final_portfolio_value,std_final_portfolio_value
0,0.09413741220465503,0.004206728755712819,2.093366379765539,0.09738436576436373,-0.013287562526626532,0.00019544105523462346,0.03338605872939529,0.0007378348314385046,1093356.3932805262,4170.394762227183
1,0.10403034959753547,0.0042155088165324525,0.9990765423635356,0.049790007169455634,-0.07825422540865187,0.0032479157374833223,0.07990129089245816,0.0017051259628984767,1103596.8194353771,4197.085967630785
2,0.005387989550469796,0.005188818254150102,-0.41368644741433674,0.1167142711864002,-0.037674147680928416,0.0013924541799647551,0.04556891788016153,0.001099251030194759,1005345.008146219,5147.465223624343
3,-0.08258267096260077,0.002714506941152646,-1.3702686385838583,0.0285438176583765,-0.13381753601345947,0.002288144245612378,0.07794137040505703,0.0014545323544208437,918045.0896990367,2694.788390778342
4,0.06032731112936194,0.002738622326862877,0.6861349918169936,0.05413930312869186,-0.04477427053112182,0.0013123375053368702,0.052654588347421385,0.00045339349819398917,1059588.1049459933,2704.1703868699174
5,0.07318915406419793,0.002280693088370107,0.9319862064117957,0.042278119156995767,-0.022650463533511734,0.0002936574324016674,0.0525514968998135,0.000506291709360945,1072287.0712022781,2251.6604952133225
