metric,mean,std,min,max
cumulative_return,0.08969073887912567,0.026634208936911014,0.0655491646408195,0.13192793420761628
annualized_return,0.014444268784083381,0.0041282482283898705,0.010687645448040906,0.02096655652894186
annualized_volatility,0.10379953774955594,0.0033688032273689363,0.09987878574762858,0.10867102390290648
sharpe_ratio,-0.09531348218473404,0.041918982060343724,-0.1353987792486884,-0.029856667082369105
sortino_ratio,-0.0873468508733371,0.03859355783310223,-0.12352537281862214,-0.028888685979309898
max_drawdown,-0.22928664743177288,0.008664268080646905,-0.24078114580799903,-0.2139116354791703
final_portfolio_value,1090902.0743452725,26059.693426501304,1067169.3100447736,1132359.0225727407
