metric,mean,std,min,max
cumulative_return,0.05969083276532174,0.0001887954513318468,0.05936625160746267,0.059861738306527856
annualized_return,0.009755081364582141,3.0124309981362578e-05,0.009703289581357355,0.009782350005007823
annualized_volatility,0.12044521980617126,0.0010984715471353589,0.11920070120792502,0.1218569746828562
sharpe_ratio,-0.12003108793782746,0.0010667911972854344,-0.12122927857333271,-0.11843677170888729
sortino_ratio,-0.1252213230585826,0.0015873585827502594,-0.1281762273500026,-0.12348043728232806
max_drawdown,-0.2950201049667368,0.002360074989682047,-0.2988459684089183,-0.29268540409195887
final_portfolio_value,1062486.099365828,184.94938885708177,1062172.4419456422,1062664.4323673514
