metric,mean,std,min,max
cumulative_return,0.0450247420462115,0.002960246760851704,0.0394517852867311,0.04783239930265082
annualized_return,0.007400925679821357,0.0004784498141850005,0.006499935846258076,0.007854178179155236
annualized_volatility,0.1183895765072164,0.00098072289809119,0.11731612063172994,0.12006908786163947
sharpe_ratio,-0.14202225646885466,0.0049171221713342796,-0.15096966358485928,-0.137678146768981
sortino_ratio,-0.16037066357228574,0.0062792410164562,-0.17059389205589331,-0.1524908935010774
max_drawdown,-0.2942900259032952,0.002830769828925313,-0.2979751717119088,-0.2900392562195992
final_portfolio_value,1047754.1876882749,3003.3284720532997,1042088.1665034891,1050600.346682342
