metric,mean,std,min,max
cumulative_return,0.0032438848286575174,0.03958627996224993,-0.045619656892508464,0.07073657596039662
annualized_return,0.0004352087663146209,0.006553948451321349,-0.007787879633763151,0.011509849821170315
annualized_volatility,0.09841903046845689,0.008036794917474806,0.08578797565220626,0.1096508152998538
sharpe_ratio,-0.24763490776959904,0.081526496573783,-0.3397993123316708,-0.11583371500893651
sortino_ratio,-0.4253336515836875,0.10893265789724603,-0.5746634721730971,-0.2435218121321503
max_drawdown,-0.2350335010698686,0.01164783699521443,-0.2525602784405164,-0.21772095237140368
final_portfolio_value,1004400.297978449,40024.819524914994,954624.7852700317,1072469.1384766488
