metric,mean,std,min,max
cumulative_return,0.09212842120808955,0.0023437792936568808,0.08860296013297031,0.09469252413858165
annualized_return,0.014865482583607249,0.0003647561816517117,0.014316521586740238,0.015264383748643473
annualized_volatility,0.10944679915713824,0.0007009824386129106,0.10825411992889726,0.11030160955011815
sharpe_ratio,-0.08539420810553977,0.0033922810877431236,-0.08970485167648468,-0.0814278888468261
sortino_ratio,-0.08549347569877147,0.0038969278999832703,-0.09134734376624482,-0.08116316061489548
max_drawdown,-0.2514468717047752,0.0016784997950169583,-0.2538136792415491,-0.2493813617417209
final_portfolio_value,1094285.014240725,2380.9780627313844,1090746.0496552968,1096885.7490210847
