iteration,mean_annualized_return,std_annualized_return,mean_sharpe_ratio,std_sharpe_ratio,mean_max_drawdown,std_max_drawdown,mean_annualized_volatility,std_annualized_volatility,mean_final_portfolio_value,std_final_portfolio_value
0,0.11392429973879178,0.005501833859809221,1.9951651677688365,0.11237780054124774,-0.027000604828281795,0.0010854344403409195,0.04495541331636057,0.0005865754761435745,1112970.788455633,5453.528559313991
1,0.12953625475967084,0.003224011879281309,1.2624777643315603,0.0214903871034699,-0.09139242240088091,0.0003228557900204806,0.08341096846522691,0.00133425047039182,1128990.3939206614,3209.6670779647125
2,-0.0003804841309347662,0.004712097236129024,-0.4341262595053976,0.08267552016244765,-0.0602279387898554,0.0010101640407747618,0.05664062692071181,0.000251256021859613,999622.4474435064,4674.7931987625925
3,-0.13844061862956808,0.0008943117164617256,-1.706801560555134,0.012574130072518178,-0.1887907548402287,0.0009716126985049383,0.09529816964432332,0.0003950751997854742,862578.8858512355,888.2603223252228
4,0.05545969226369936,0.0026156235862164704,0.42824475921030586,0.034507448476499156,-0.08396588893304616,0.0017350405746248128,0.07294946254242571,0.0004607954713546666,1054781.6587418811,2582.846701446437
5,0.04834328155746026,0.003041163174634117,0.3588132315385625,0.045430816248645395,-0.040178508916397376,0.0018055811175321068,0.06725965420892606,0.0003111458751093509,1047754.1876882749,3003.3284720532997
