iteration,mean_annualized_return,std_annualized_return,mean_sharpe_ratio,std_sharpe_ratio,mean_max_drawdown,std_max_drawdown,mean_annualized_volatility,std_annualized_volatility,mean_final_portfolio_value,std_final_portfolio_value
0,0.11210489508660051,0.0025549694865060254,1.9531692817781985,0.057305346406616046,-0.027653368221225612,0.000994549345496411,0.04500109882836796,0.00013377261506647848,1111167.4405209746,2532.584004185165
1,0.12768695184178944,0.0044460470495866775,1.2346187085111602,0.06404951728844681,-0.09279364470377612,0.0022245972788098207,0.08385405891862457,0.000989950228879048,1127149.2971646755,4426.315609738809
2,-7.0719137985175705e-06,0.0026122838790418957,-0.4274880193037977,0.047593436951268386,-0.059005998252290096,0.0007162517986082705,0.05667753210532565,0.00048223376350400675,999992.9573767666,2591.51829891989
3,-0.13808496665302514,0.0032197465391530806,-1.6926317059014397,0.03021089178843375,-0.18871821096908398,0.0030699402038051942,0.09588132013692736,0.0004626596374687623,862932.0883885834,3197.9551081361124
4,0.05172113269001692,0.006687690271791362,0.37751281757123617,0.09187342998893086,-0.08487921250866604,0.0031186837866697503,0.07288487256092692,0.0005135994608819669,1051089.6891773369,6604.026394132508
5,0.046785315987231034,0.0028631680422114545,0.3353781957727458,0.0419066081980772,-0.04019718379109022,0.0011761660528412758,0.06729760556950651,0.0003596684956012295,1046215.6265603096,2827.540088557616
