iteration,mean_annualized_return,std_annualized_return,mean_sharpe_ratio,std_sharpe_ratio,mean_max_drawdown,std_max_drawdown,mean_annualized_volatility,std_annualized_volatility,mean_final_portfolio_value,std_final_portfolio_value
0,0.12993950559193004,0.006571138721548137,1.8763451915348746,0.11920731423015862,-0.03446236714478881,0.0032070023139254707,0.05635390342651174,0.00041908957252276074,1128844.3461157023,6512.727502987164
1,0.13457211523860962,0.008039832322384435,1.1968037679073547,0.08727395935517435,-0.09940339312062371,0.004003692982579447,0.09222258500499288,0.001182494251937982,1280090.9486144737,8866.432482696691
2,-0.008877297380589311,0.0036998388968233725,-0.6023312918790872,0.06777581082095292,-0.059043431619683805,0.0006070131685119112,0.05493891652086522,0.00047418026090113077,1268795.3923804644,6684.314629914841
3,-0.14042767340933515,0.006581159848899151,-1.8204434966838332,0.08738511692441465,-0.18472033804073792,0.00391238424971913,0.09047793701309685,0.0011086498785901693,1091938.3465571678,10786.116003176696
4,0.05391726567746642,0.002039723357527573,0.3562707477258789,0.024013932321138236,-0.09893625785968886,0.0026073326705398662,0.08337845901584254,0.0009631252190058723,1150084.8493639189,10684.45311596651
5,0.04412113788893328,0.008508230794550386,0.26955902266229215,0.11431031241546437,-0.044791303906280125,0.001322373917882823,0.07376263247897441,0.0008172586647595697,1200169.794827681,10983.73522800765
