iteration,mean_annualized_return,std_annualized_return,mean_sharpe_ratio,std_sharpe_ratio,mean_max_drawdown,std_max_drawdown,mean_annualized_volatility,std_annualized_volatility,mean_final_portfolio_value,std_final_portfolio_value
0,0.11563208545110833,0.0008712150033266705,2.2026742885825286,0.03171947985306749,-0.01614530962412855,0.0002707576545860733,0.04150768933538274,0.00024504275169442204,1114663.664195512,863.5528381282754
1,0.1214480861157154,0.0038995633247535196,0.9488207560909168,0.041178391474023406,-0.10248902559384018,0.0010459708815023885,0.10250166707343918,0.0008849260387781536,1120938.0909310237,3882.34384033175
2,0.012963223326090078,0.00030609110372934985,-0.1984881151498599,0.00577438433763675,-0.04554132640866289,0.0002631908824558643,0.05667136560610233,0.00021368536326676815,1012859.6815464742,303.6306121717172
3,-0.09484204142100343,0.0033218956071184,-1.2301633177804798,0.03450523871289004,-0.1589840872357317,0.0023036757569365905,0.0967795908287585,0.0003343695491645253,905874.0285548553,3298.163936707638
4,0.07722369464464474,0.0018328536321015603,0.8088812520498081,0.028600622611536074,-0.05525439956925288,0.0005179959027701772,0.0655406530654387,0.00027822040674853815,1076270.151878886,1809.4293614935307
5,0.09547359915046134,0.0024122753758485604,1.0801459763442118,0.03909290171435201,-0.02866645795830125,0.000500371410306391,0.06598093020994591,0.00025795069596725763,1094285.014240725,2380.9780627313844
