iteration,mean_annualized_return,std_annualized_return,mean_sharpe_ratio,std_sharpe_ratio,mean_max_drawdown,std_max_drawdown,mean_annualized_volatility,std_annualized_volatility,mean_final_portfolio_value,std_final_portfolio_value
0,0.08964434136189334,0.004961234256233382,1.9687972127668956,0.14710845580026066,-0.013354060991271958,0.0006128844618139487,0.03323249365591522,0.00010447703325821619,1088902.0654578535,4918.459021395726
1,0.0960405688920734,0.002077096715701391,0.8846366071908862,0.02501102776011353,-0.08157620963936674,0.003049631318577762,0.08121617701598541,0.0018827877918041413,1095641.7784125982,2068.1030221281176
2,0.007698339250657682,0.002429074294192983,-0.3638679408226901,0.0519838365763218,-0.036391908080860416,0.0007547330153500429,0.04535482127537246,0.0004954208781762813,1007636.9855689025,2409.6404791897226
3,-0.08048707359783476,0.002218069237250068,-1.350515149459143,0.028151818194108013,-0.13221899499957712,0.001723333945064215,0.07752649418747068,0.0006134657989244921,920125.4696898668,2201.9265625111557
4,0.054358452870559,0.0034637327585235406,0.5771517034985061,0.06497220175617154,-0.045994406410627166,0.001321215730821513,0.052222177345601396,0.0003009527049807258,1053694.192868034,3420.281795682722
5,0.07008872468889767,0.0013599502432018315,0.86766630161441,0.02928272236456912,-0.024082094165535382,0.0006011607594564057,0.05288224476796177,0.00024384448147532736,1069226.092344671,1342.6803319546268
