metric,mean,std,min,max
cumulative_return,0.043502818506551535,0.002837040329539078,0.0399068136781251,0.047382156143288556
annualized_return,0.007155163202809289,0.0004584440925061591,0.006573697867831463,0.00778165201010661
annualized_volatility,0.11773415673336307,0.00026685845497295414,0.11736064004988189,0.1180775722237928
sharpe_ratio,-0.144868547597392,0.0038941253173299037,-0.1502838876456639,-0.13983745025631425
sortino_ratio,-0.16519592269335484,0.007214074594822384,-0.17396973926006257,-0.15401153444016075
max_drawdown,-0.2933909312034404,0.0016847103502943318,-0.2955588496373735,-0.2911905300025503
final_portfolio_value,1046215.6265603096,2827.540088557616,1042559.2065553876,1050001.1025810447
