metric,mean,std,min,max
cumulative_return,0.026039257234717228,0.01208488418216231,0.007600121818354122,0.04082154321818221
annualized_return,0.004303809062775032,0.0019831956319931537,0.001268570980739181,0.006721898115682912
annualized_volatility,0.12233951713127858,0.002520596788889879,0.11898311259957398,0.12493886867646875
sharpe_ratio,-0.16295443689058936,0.01812567141470989,-0.19157731608657946,-0.14005576536867875
sortino_ratio,-0.21822297154767165,0.027364786569636732,-0.2570043837037056,-0.18247293013440746
max_drawdown,-0.3053660332214926,0.004904874357972774,-0.3109754941179943,-0.29825882665684744
final_portfolio_value,1028635.4563805386,12129.697473347627,1010181.17080468,1043464.3074688296
