iteration,mean_annualized_return,std_annualized_return,mean_sharpe_ratio,std_sharpe_ratio,mean_max_drawdown,std_max_drawdown,mean_annualized_volatility,std_annualized_volatility,mean_final_portfolio_value,std_final_portfolio_value
0,0.09211158444738299,0.013593091629104046,1.5046781285452715,0.29581154679893895,-0.030555192920452917,0.002320871254575089,0.045095416292229705,0.00040520723100225214,1091347.460545648,13475.967253962044
1,0.11268437486438651,0.015297204769935957,1.0477872475001433,0.17717482368963497,-0.09067439176725704,0.0032261644076991306,0.08438903368623774,0.0004384599314173305,1112212.6019697557,15229.931424774133
2,-0.018225847393060813,0.010338922567312643,-0.7438075583440015,0.19434348346879576,-0.060749967971951625,0.0021924521587663648,0.057282857429418334,0.0011640557233676238,981917.0571739639,10258.512836834374
3,-0.16224347951644447,0.009558731458389716,-1.8973200105246957,0.07798547155394532,-0.2067907031908327,0.008489818359179476,0.09823944218021255,0.0014954237588100383,838933.9504779631,9496.29419068787
4,0.033928987251302,0.00927993591374551,0.13277527344362886,0.12588017185914682,-0.09535833787184837,0.008504182248797853,0.07379321032660772,0.0017961183768502632,1033517.8865091868,9165.839939453068
5,0.02898628777105903,0.012279801641110302,0.06936583946109423,0.180649445832127,-0.04441532542104216,0.004279887207334432,0.06785555850800545,0.000844387668895514,1028635.4563805386,12129.697473347627
