metric,mean,std,min,max
cumulative_return,0.06752676374031394,0.001368951283801791,0.06531601482962679,0.0693391276905464
annualized_return,0.011001371109353153,0.00021712637485885605,0.010650613024563604,0.011288681289702618
annualized_volatility,0.08745761319749198,0.0007090745536258003,0.08633181923611975,0.08819296165019028
sharpe_ratio,-0.15107132740742163,0.003702786380565032,-0.1570741611439833,-0.14652450240489928
sortino_ratio,-0.15356176805965727,0.00574037709528897,-0.1628517903092175,-0.14578131136203204
max_drawdown,-0.20950267610645742,0.0003554603768829384,-0.2098862714888277,-0.20891478832854543
final_portfolio_value,1069226.092344671,1342.6803319546268,1067080.9520529613,1071051.338505318
