iteration,mean_annualized_return,std_annualized_return,mean_sharpe_ratio,std_sharpe_ratio,mean_max_drawdown,std_max_drawdown,mean_annualized_volatility,std_annualized_volatility,mean_final_portfolio_value,std_final_portfolio_value
0,0.023562171125840935,0.03226600169131664,-0.10029769524372996,0.7307808011973892,-0.03619533745559788,0.007906092154382779,0.03899631635348949,0.007822773598700272,1023369.0561356995,31998.437277229063
1,0.035871565403266414,0.017987426635969857,0.15926064840578397,0.22372916585444297,-0.08250575187142573,0.02581065854695077,0.08469087329419425,0.016304483267943936,1035726.0885797258,17913.395716636296
2,-0.05746245536858761,0.02013629600913517,-1.7047677191424941,0.43807783603408035,-0.0678013251598157,0.02022984247368443,0.04808448850935161,0.0020656536261373214,942978.641103825,19986.2816006453
3,-0.140257958544056,0.01957803944134802,-2.0579211382345557,0.2270424100221854,-0.17584258531200833,0.01784141054986758,0.07990875476543463,0.0031753233284775883,860772.0723664766,19445.270222877196
4,0.0027464888810168507,0.029844370738490313,-0.3967726018775582,0.5184949947321416,-0.0768420687088918,0.019493826112274758,0.05540251117733105,0.0043416304474409384,1002708.5848785493,29482.000748003506
5,0.004463088988038355,0.04051443466249644,-0.34458693482692027,0.7429876242586022,-0.03954736983547207,0.009216140969077684,0.05604671181815439,0.0031308421150350266,1004400.297978449,40024.819524914994
