iteration,mean_annualized_return,std_annualized_return,mean_sharpe_ratio,std_sharpe_ratio,mean_max_drawdown,std_max_drawdown,mean_annualized_volatility,std_annualized_volatility,mean_final_portfolio_value,std_final_portfolio_value
0,0.08061930038023384,0.013495176714169603,1.6979078753669128,0.3952759236257061,-0.01376235598007865,0.0010029430632978143,0.03314645600041064,0.0005117044198996233,1079953.8803427294,13379.99873858747
1,0.07411790483145579,0.011609526630552876,0.6036065864028226,0.15913530159166056,-0.08776131047456714,0.008467538407754379,0.08346664510755268,0.0043227351271254814,1073812.9410009068,11560.308901345994
2,-0.016263024608907318,0.015663613198382224,-0.8673116176547634,0.3042676822101516,-0.0432069817159597,0.007735175978951134,0.04610800856146089,0.0021184084505860208,983864.0168361245,15541.551573564775
3,-0.09184019735140588,0.009676263066553285,-1.5115777026505772,0.12997814776690803,-0.14018522714734138,0.007714612892049665,0.07680342807001377,0.001096067021731669,908854.0063913934,9607.042914598751
4,0.04911977743950176,0.002319655787014267,0.47487115735871077,0.04150128128312901,-0.04850124784202355,0.0008012214388909574,0.05242689307835645,0.0006026813229412141,1048521.0268545358,2290.735147994518
5,0.0536527468866963,0.013893649648980702,0.5525145954703305,0.26633081875850195,-0.027301057141131325,0.00295124202453873,0.05402881472268105,0.002477802718676561,1052996.3130965,13720.046192251573
