metric,mean,std,min,max
cumulative_return,0.05133020129258288,0.013707694731449598,0.032239214619069756,0.06549105173947578
annualized_return,0.008404750815840068,0.002205292140279687,0.005327142488586567,0.010678415698344823
annualized_volatility,0.08655381424646376,0.004696264123091813,0.08042935285490373,0.09399918919705359
sharpe_ratio,-0.18248842734400156,0.022352566074396868,-0.2191387865909965,-0.1520920632534547
sortino_ratio,-0.20526691993076565,0.02289589753180958,-0.2333983711627634,-0.1678997185911658
max_drawdown,-0.2086030998657097,0.013270940936086354,-0.23272593322042975,-0.19307551870198877
final_portfolio_value,1052996.3130965,13720.046192251573,1033850.8909878267,1067120.1282534397
