metric,mean,std,min,max
cumulative_return,-0.09956295237281139,0.015220369222121407,-0.11246273191686762,-0.07107180857262607
annualized_return,-0.017426537156651233,0.0027602218351827855,-0.0197784015708814,-0.012268576641399687
annualized_volatility,0.1935156882348758,0.012899433180592463,0.18176380919220103,0.21718395396328338
sharpe_ratio,-0.21572882587857856,0.01623003621607867,-0.24025793951792887,-0.19752126995114674
sortino_ratio,-0.727722544392772,0.059044312312392336,-0.8028623810981984,-0.6271606400544164
max_drawdown,-0.33728615830587394,0.009728392094584351,-0.3467276174590145,-0.321777729161556
final_portfolio_value,902687.0483547229,15285.368531500855,890143.3852153664,931434.5103603136
