metric,mean,std,min,max
cumulative_return,-0.15355245676129203,0.0,-0.15355245676129203,-0.15355245676129203
annualized_return,-0.02752774973198413,0.0,-0.02752774973198413,-0.02752774973198413
annualized_volatility,0.0912815270778755,0.0,0.0912815270778755,0.0912815270778755
sharpe_ratio,-0.5668053821991277,0.0,-0.5668053821991277,-0.5668053821991277
sortino_ratio,-0.8114586787112222,0.0,-0.8114586787112222,-0.8114586787112222
max_drawdown,-0.36309906416653515,0.0,-0.36309906416653515,-0.36309906416653515
final_portfolio_value,849275.2782712402,0.0,849275.2782712402,849275.2782712402
