iteration,mean_annualized_return,std_annualized_return,mean_sharpe_ratio,std_sharpe_ratio,mean_max_drawdown,std_max_drawdown,mean_annualized_volatility,std_annualized_volatility,mean_final_portfolio_value,std_final_portfolio_value
0,-0.019458449750558927,0.021114071397409187,-0.881816906613315,0.4233690167317896,-0.05610804352563623,0.009639753621740863,0.04949788961982082,0.0014703597179408978,980692.6919260479,20949.743276013967
1,0.0050559891273918465,0.012026881392516689,-0.226050563392925,0.15168090506447462,-0.08735571904606276,0.006920872475127431,0.0878079771647716,0.00467277372588599,1005035.5906953117,11978.949057771513
2,-0.13153488550792383,0.00656066904463988,-2.544191317110184,0.09400734366035142,-0.13694617085677768,0.0044802115934771646,0.06120684382919683,0.0006661456022037721,869437.5094955846,6515.777272913413
3,-0.2505695358413878,0.013187191423129376,-2.6574922386901996,0.13664632290167208,-0.278292004707961,0.01298329418212149,0.1034706526913084,0.0034081892552982494,751147.1267788998,13112.2251117309
4,-0.07402920255344932,0.01989574442240615,-1.290796302296621,0.22514201925106767,-0.16433041173995133,0.012757992578547943,0.07583865546566679,0.0030424161781960105,926816.4991798395,19678.65315399537
5,-0.08059546569117464,0.012025779222021783,-1.464269806139702,0.137360672980827,-0.07981520018437202,0.008715001410552935,0.07143918761064863,0.002673927231616269,920323.794623804,11893.695074142757
