iteration,mean_annualized_return,std_annualized_return,mean_sharpe_ratio,std_sharpe_ratio,mean_max_drawdown,std_max_drawdown,mean_annualized_volatility,std_annualized_volatility,mean_final_portfolio_value,std_final_portfolio_value
0,-0.008616167153613397,0.04239694319069416,-0.8998456291188794,1.1972691463555802,-0.04849752219963102,0.021876700449891116,0.03566521045346318,0.00223564493419124,991444.7741058136,42063.942019822374
1,-0.014360295878732998,0.047955547917653336,-0.41825110470597693,0.5208243465070149,-0.10036971298291175,0.023189252535016674,0.08739613654993676,0.0101794217427237,985691.6113519215,47771.4151820287
2,-0.06409352770028072,0.02096909052724311,-1.9586460293832786,0.5693426804943629,-0.0738523050216435,0.01812796670602574,0.045667898361192304,0.002760449320035276,936396.7494792864,20816.117473831364
3,-0.15697452548832652,0.029744799328458485,-2.2027816142625793,0.3406636351888392,-0.18690565040156973,0.026802230517630723,0.0822296443313768,0.006004421552842869,844164.629386989,29546.162690419613
4,0.01677046302041816,0.03126549284056935,-0.13406844270298673,0.5896426996658249,-0.06898299227410903,0.01835074906868145,0.053155925022958926,0.0008947897768644227,1016563.5105903487,30887.6859962921
5,-0.023138228915523352,0.03487506537630772,-0.870812035478284,0.629162669806275,-0.04431617187833919,0.012444385865893309,0.053924279311676995,0.0017683772504951856,977126.6924483164,34472.32855455284
