iteration,mean_annualized_return,std_annualized_return,mean_sharpe_ratio,std_sharpe_ratio,mean_max_drawdown,std_max_drawdown,mean_annualized_volatility,std_annualized_volatility,mean_final_portfolio_value,std_final_portfolio_value
0,0.07449698968698226,0.0,0.8657461470923655,0.0,-0.03706760467614652,0.0,0.058083860661416485,0.0,1073884.4227728315,0.0
1,0.08020066674942394,0.0,0.5625119702338977,0.0,-0.11232656715741293,0.0,0.0995348696580303,0.0,1159655.6002654892,0.0
2,-0.0731237762934277,0.0,-1.5906518951791055,0.0,-0.0954806238363418,0.0,0.061191821855893246,0.0,1075505.1729820676,0.0
3,-0.2066253143582019,0.0,-2.1094703319958867,0.0,-0.250365267295904,0.0,0.10942861910312143,0.0,854847.4761187977,0.0
4,0.013473545901483641,0.0,-0.10266543095913035,0.0,-0.1544584988208218,0.0,0.10458793295186133,0.0,866227.2772333235,0.0
5,-0.019803352576584388,0.0,-0.4456957648801919,0.0,-0.07307667091164713,0.0,0.0987545028603247,0.0,849275.2782712402,0.0
