metric,mean,std,min,max
cumulative_return,-0.08170607075000243,0.011418083188099169,-0.09253625319647707,-0.060833133950356166
annualized_return,-0.014181551024345351,0.002042779228310817,-0.016127420753792587,-0.010453977711832652
annualized_volatility,0.1722802931101798,0.008349801003992572,0.15927038604813698,0.1835750863992051
sharpe_ratio,-0.22305193657236036,0.010862564146734208,-0.23911914213064528,-0.20721753145741909
sortino_ratio,-0.7035003732795383,0.025364449636105974,-0.7446003446560288,-0.6726791389449717
max_drawdown,-0.3324159116666851,0.008333336946853665,-0.3470022492102747,-0.32130963916304245
final_portfolio_value,920323.794623804,11893.695074142757,908701.5462380501,941863.4538612822
