iteration,mean_annualized_return,std_annualized_return,mean_sharpe_ratio,std_sharpe_ratio,mean_max_drawdown,std_max_drawdown,mean_annualized_volatility,std_annualized_volatility,mean_final_portfolio_value,std_final_portfolio_value
0,0.019951224610105678,0.0,-0.06999962020276299,0.0,-0.05571830299732816,0.0,0.060855851626996284,0.0,1019791.3249251646,0.0
1,0.11144031093199724,0.0,0.6909844127322015,0.0,-0.11328842973252815,0.0,0.12623902683415925,0.0,1132962.0674597705,0.0
2,-0.10466881043811038,0.0,-2.01372737218254,0.0,-0.11049543721599593,0.0,0.06400068019611685,0.0,1015266.7539040484,0.0
3,-0.2793813921891829,0.0,-2.436774607517911,0.0,-0.3155036881802279,0.0,0.12458784754390237,0.0,733525.0655509888,0.0
4,-0.0390286258199084,0.0,-0.47387959211315034,0.0,-0.22067376902706087,0.0,0.13345106643866506,0.0,705230.7455716254,0.0
5,-0.11086200423456194,0.0,-1.0892681469636307,0.0,-0.1000517497530223,0.0,0.12400354836611505,0.0,627925.2065177223,0.0
