metric,mean,std,min,max
cumulative_return,-0.045820066307507366,0.03200729709352348,-0.08400814837817372,-0.003720985630598861
annualized_return,-0.007900773337341006,0.00558172213759451,-0.014585246164096288,-0.000624016039015407
annualized_volatility,0.12191590865483544,0.019921477497799125,0.09577835984242533,0.15518513565475747
sharpe_ratio,-0.269533424884102,0.05875895351036922,-0.35303503453202506,-0.1807180254714729
sortino_ratio,-0.7011266062714141,0.13146085286137352,-0.8990846698544417,-0.5653195751339242
max_drawdown,-0.23604132708040834,0.020814975462287624,-0.2632767686460543,-0.2040858275702232
final_portfolio_value,955274.1781874951,31725.91848545027,917359.8863276318,997030.8829126767
