iteration,mean_annualized_return,std_annualized_return,mean_sharpe_ratio,std_sharpe_ratio,mean_max_drawdown,std_max_drawdown,mean_annualized_volatility,std_annualized_volatility,mean_final_portfolio_value,std_final_portfolio_value
0,-0.01991499857379162,0.02011083792042646,-1.200812169482854,0.5899172555882102,-0.04418992863969628,0.009143151302638403,0.03779214112235924,0.003028573258208527,980239.8622320818,19954.11770744075
1,-0.018735538859925426,0.027177056058075105,-0.5105320659605285,0.3332892350224747,-0.0932557017179519,0.021527283543076044,0.08505183708492112,0.00886000210279876,981336.6229122855,27071.21754774887
2,-0.09468745937714576,0.013953582198691169,-2.465345263898395,0.2828064240315467,-0.10232723238889366,0.013849879637158455,0.04824170976748105,0.0016504682191953053,906026.701833074,13854.51539292822
3,-0.17941174276027194,0.03663735689617181,-2.4911874479837253,0.5012423561262144,-0.20839182780453172,0.0243032098070008,0.0820926948273805,0.002381553629169045,821870.5553967592,36405.24918637849
4,-0.04245737514255103,0.017974225590532394,-1.2069469882091162,0.3584523526245342,-0.10355834889551445,0.011423266192334072,0.05582764219187246,0.003209383827825112,958035.3249202056,17769.739270695143
5,-0.04524587951285712,0.032089796751128066,-1.2294123617615278,0.6067335169130104,-0.060060046812186386,0.012583401335891085,0.05833836693581079,0.005061164629187966,955274.1781874951,31725.91848545027
