metric,mean,std,min,max
cumulative_return,-0.3742332588940732,0.0,-0.3742332588940732,-0.3742332588940732
annualized_return,-0.07549146179351363,0.0,-0.07549146179351363,-0.07549146179351363
annualized_volatility,0.11035111447115101,0.0,0.11035111447115101,0.11035111447115101
sharpe_ratio,-0.9035030899546547,0.0,-0.9035030899546547,-0.9035030899546547
sortino_ratio,-1.3000019479101772,0.0,-1.3000019479101772,-1.3000019479101772
max_drawdown,-0.4759932664965752,0.0,-0.4759932664965752,-0.4759932664965752
final_portfolio_value,627925.2065177223,0.0,627925.2065177223,627925.2065177223
