iteration,mean_annualized_return,std_annualized_return,mean_sharpe_ratio,std_sharpe_ratio,mean_max_drawdown,std_max_drawdown,mean_annualized_volatility,std_annualized_volatility,mean_final_portfolio_value,std_final_portfolio_value
0,-0.017431049882685113,0.022539452515854798,-1.0731008964552688,0.60411237348474,-0.04647162609513217,0.014763020079124984,0.039111685124278005,0.0032524311890704334,982704.051040821,22363.908989700238
1,-0.042540239951198336,0.02901266417419475,-0.8304346999313393,0.32415084707193365,-0.09246688085612068,0.011346155178577554,0.07930711739038532,0.0057049089265017346,957623.1956006145,28903.379332832963
2,-0.10106770292419234,0.009101441681067975,-2.6642787388954856,0.19596641635148018,-0.11161556557501393,0.00917395218948193,0.04705652355717786,0.0016030982203423228,899692.4064763144,9036.880659340206
3,-0.18800023028465837,0.025220180452894567,-2.633497571797227,0.4765204780658466,-0.21718223640171958,0.015425915415862334,0.08150148408668215,0.005617504425884975,813339.8607554708,25063.167493679684
4,-0.06647003561419944,0.007162316910883432,-1.56888200417735,0.14434682281375358,-0.126059691733718,0.007769126648186018,0.057900350092607675,0.0016634753457839978,934294.3626021047,7082.553628006618
5,-0.047658386035477875,0.014399348506946952,-1.342164546745258,0.24475562721917532,-0.05422034800825233,0.007007666909325518,0.05348622257393837,0.004061503399727514,952894.1162837945,14236.058554211719
