metric,mean,std,min,max
cumulative_return,-0.024335709224962466,0.03431002664038554,-0.07756602568508308,0.011677482697743713
annualized_return,-0.004203319208133394,0.005899056608548367,-0.01342819490661451,0.0019458617835625969
annualized_volatility,0.10840078651856988,0.016190446481637734,0.07945257779520852,0.12540885340386845
sharpe_ratio,-0.26471155553921627,0.0469627203644115,-0.3089187794820373,-0.17754128774182468
sortino_ratio,-0.5521012875218083,0.12090507386094033,-0.7438893462438275,-0.3908844932728838
max_drawdown,-0.22060587167804946,0.035267566645664335,-0.26564269586946154,-0.1733508932644382
final_portfolio_value,977126.6924483164,34472.32855455284,923677.6016452524,1013309.5131932661
