metric,mean,std,min,max
cumulative_return,-0.525022081023681,0.022425423413023875,-0.5548781931863835,-0.4898169790350042
annualized_return,-0.11733802693978532,0.006957491882220633,-0.1267458701714047,-0.10656883452432353
annualized_volatility,0.12506722516525334,0.003192562081700079,0.12045904326944312,0.12850521256222938
sharpe_ratio,-1.1317151753213954,0.046075143138681544,-1.1999018914159025,-1.0689542953182434
sortino_ratio,-1.5909132466953142,0.04585464208136474,-1.63883340984374,-1.504753433651803
max_drawdown,-0.5841253051475651,0.02054385204589458,-0.611218772942977,-0.5503070958149049
final_portfolio_value,476098.4933586413,22484.126982840375,446426.17500645376,511539.9757509482
