iteration,mean_annualized_return,std_annualized_return,mean_sharpe_ratio,std_sharpe_ratio,mean_max_drawdown,std_max_drawdown,mean_annualized_volatility,std_annualized_volatility,mean_final_portfolio_value,std_final_portfolio_value
0,-0.02612878608055975,0.028320292196136593,-1.0366246277020557,0.6112805160048996,-0.058483042724191324,0.011921761418236181,0.04910975454795859,0.0025697508519687724,974072.6524627495,28099.181300939566
1,-0.018325460695235128,0.020768840859429507,-0.4415965562992003,0.2252780102014342,-0.1109654043279534,0.01449555178605444,0.09707431039310162,0.007239620906653232,981745.7217790838,20688.137086184917
2,-0.1487407179465537,0.009928187908556464,-2.806685877512239,0.10274234578804368,-0.15204518788714189,0.009555074901313678,0.06158095830462228,0.0015640512413474892,852347.5014423172,9862.028972551241
3,-0.2732392390955732,0.020409958973973234,-2.89141303938133,0.20321773704601306,-0.29824520273043137,0.018574778814785347,0.10290647372377335,0.0022662832975164204,728601.6938929367,20301.725490060417
4,-0.09530189401526612,0.021054201595779098,-1.5049986449910215,0.2825344742811073,-0.1823113137544529,0.017132440377525298,0.07963877227682847,0.0020654820216132208,905774.5498150948,20827.611374874923
5,-0.0984241508009025,0.015452198360022524,-1.7336562272767964,0.21866897516574352,-0.09007499680003206,0.011170937117442143,0.07077373333221856,0.0027142934622205747,902687.0483547229,15285.368531500855
