iteration,mean_annualized_return,std_annualized_return,mean_sharpe_ratio,std_sharpe_ratio,mean_max_drawdown,std_max_drawdown,mean_annualized_volatility,std_annualized_volatility,mean_final_portfolio_value,std_final_portfolio_value
0,-0.01710895793905056,0.03106387736806707,-0.8530987070075762,0.6463166164617179,-0.053081730789186,0.013730110419211704,0.04822797404916308,0.0010799774884896712,983021.8006257296,30821.74359726057
1,0.0006798372776839034,0.031294835024497654,-0.25003295580318435,0.32410927292158864,-0.09939668525508198,0.015977141386577874,0.08820347911830625,0.006736793711707741,1000675.1827370342,31172.611345620273
2,-0.11438184933512963,0.01754850414102065,-2.3095036493542738,0.22904012897730003,-0.12013987759721267,0.017660799892715677,0.05988228696186931,0.002429812004717189,886470.9617434957,17426.65006450719
3,-0.230805461404688,0.027874958957245753,-2.496683002087743,0.2953861042529204,-0.26760637128434117,0.02098756455318339,0.102284464593801,0.0024448388157346443,770794.2370727642,27705.830008216486
4,-0.06918654272540674,0.011048557704918511,-1.1723688890169108,0.1785615287184925,-0.16333849978542997,0.006473293032858176,0.08004117739071386,0.002923905991815516,931607.4978216089,10926.941812038136
5,-0.0737035723216765,0.02549163992882986,-1.358571206027391,0.34746076248120233,-0.08053964951336412,0.013411162699846555,0.07198750854635923,0.0009420188519513121,927136.9183374876,25214.137213896058
