metric,mean,std,min,max
cumulative_return,-0.45858991324114584,0.0,-0.45858991324114584,-0.45858991324114584
annualized_return,-0.09763725843770044,0.0,-0.09763725843770044,-0.09763725843770044
annualized_volatility,0.1207949512330919,0.0,0.1207949512330919,0.1207949512330919
sharpe_ratio,-1.0087207147729784,0.0,-1.0087207147729784,-1.0087207147729784
sortino_ratio,-1.4461012756968539,0.0,-1.4461012756968539,-1.4461012756968539
max_drawdown,-0.5620199688289765,0.0,-0.5620199688289765,-0.5620199688289765
final_portfolio_value,543191.4548879346,0.0,543191.4548879346,543191.4548879346
