iteration,mean_annualized_return,std_annualized_return,mean_sharpe_ratio,std_sharpe_ratio,mean_max_drawdown,std_max_drawdown,mean_annualized_volatility,std_annualized_volatility,mean_final_portfolio_value,std_final_portfolio_value
0,0.005071871430640718,0.012446397934400135,-0.31399758898818475,0.2067940134233274,-0.0661428416394176,0.00542409301687826,0.06117017284295971,0.000734939977359896,1005030.9099301696,12347.288048334667
1,0.033887549138377084,0.012848067370226837,0.0914337877226134,0.11361473712348644,-0.12129102690798832,0.008643387937927783,0.11355893167647875,0.008171169917197976,1039026.4570347663,22075.728684882444
2,-0.13374889425367714,0.017208589538112152,-2.209730270723455,0.2933382132452427,-0.14102919453744123,0.009431277811032755,0.0717745871723154,0.0036902030336371967,900941.8826740847,20504.78264715472
3,-0.31389865824969826,0.02280857145731495,-2.376059811544907,0.16834563403269917,-0.3577636192055641,0.020010710374358816,0.14234147054838045,0.001908242823053627,620356.0074917933,32567.85310055108
4,-0.10756758840571494,0.023561669525968287,-0.833584382553678,0.15422286556446144,-0.28659560919417243,0.02035717261922662,0.158668391052543,0.007812116526073061,554165.6447348474,29125.029717126446
5,-0.14128339415755853,0.03988005151042551,-1.0230636783929283,0.23198613189323314,-0.142299263516656,0.025816025849810985,0.16147206298302513,0.006406684489015124,476098.4933586413,22484.126982840375
