metric,mean,std,min,max
cumulative_return,-0.04807435867626011,0.014403997741953917,-0.06524446815055429,-0.02766633112188477
annualized_return,-0.00823146050812329,0.002510851913861312,-0.011233768356419538,-0.004686773786472087
annualized_volatility,0.12788269368793131,0.01010036076225681,0.1157700920037048,0.14316199871751728
sharpe_ratio,-0.2549001971170485,0.02533548231457288,-0.30145605511393714,-0.225891532535051
sortino_ratio,-0.7257787987322221,0.04759845340977546,-0.7863938918548917,-0.6775919729418906
max_drawdown,-0.238440622843276,0.01807829070490919,-0.26593445047025405,-0.2170116676115291
final_portfolio_value,952894.1162837945,14236.058554211719,935569.4028693639,973067.492926892
