iteration,mean_annualized_return,std_annualized_return,mean_sharpe_ratio,std_sharpe_ratio,mean_max_drawdown,std_max_drawdown,mean_annualized_volatility,std_annualized_volatility,mean_final_portfolio_value,std_final_portfolio_value
0,-0.00768030387269647,0.0,-0.4700693780225114,0.0,-0.07322885437515483,0.0,0.06784405978106559,0.0,992380.4181004817,0.0
1,0.03669282903537163,0.0,0.11440854888904779,0.0,-0.11130237082698287,0.0,0.1090977732473922,0.0,1028646.5574742934,0.0
2,-0.11092369913929079,0.0,-1.8408084217188783,0.0,-0.12905590892839183,0.0,0.07341057801344589,0.0,915399.0484347171,0.0
3,-0.30706789658777006,0.0,-2.3472124407022092,0.0,-0.32424745910336117,0.0,0.14113720682213718,0.0,636158.7409942015,0.0
4,-0.07920351838805217,0.0,-0.6775746650261901,0.0,-0.28248603229407027,0.0,0.15262469929445494,0.0,586348.4389481129,0.0
5,-0.07445588914475099,0.0,-0.6644668487307632,0.0,-0.11459722635564858,0.0,0.14849047841037016,0.0,543191.4548879346,0.0
