annualized_return,sharpe_ratio,max_drawdown,annualized_volatility,sortino_ratio
0.0,-0.2652256994936291,-0.2544658143087538,0.11311121078114308,-0.43826256160178445
