annualized_return,annualized_volatility,sharpe_ratio,sortino_ratio,max_drawdown
-0.03015400165445481,0.07903852284859218,-0.6878305768657753,-0.9827613560733705,-0.3333979541205976
