annualized_return,annualized_volatility,sharpe_ratio,sortino_ratio,max_drawdown
-0.07381538562238776,0.1327418483606359,-0.7384747006624346,-0.9460758210347284,-0.5299235015283134
