annualized_return,annualized_volatility,sharpe_ratio,max_drawdown
-0.07381538562238776,0.13274184836063593,-0.7384747006624344,-0.5299235015283134
