annualized_return,annualized_volatility,sharpe_ratio,max_drawdown,sortino_ratio
-0.0601531117546773,0.10087827694069568,-0.8936821136197292,-0.2534116230447019,-1.4734028513812374
