annualized_return,sharpe_ratio,max_drawdown,annualized_volatility,sortino_ratio
0.0,-0.28829388690631336,-0.22687991507248015,0.10406047912403038,-0.48812692672327884
