iteration,mean_annualized_return,std_annualized_return,mean_sharpe_ratio,std_sharpe_ratio,mean_max_drawdown,std_max_drawdown,mean_annualized_volatility,std_annualized_volatility,mean_final_portfolio_value,std_final_portfolio_value
0,0.005263492160016758,0.0,-0.30579609348130854,0.0,-0.06508676113513914,0.0,0.06196161218211412,0.0,1005221.609539708,0.0
1,0.08262358493329192,0.0,0.49933461443165356,0.0,-0.12892617204708728,0.0,0.11698062207977773,0.0,1087933.8377318229,0.0
2,-0.10348454814479102,0.0,-1.8587316022185287,0.0,-0.11328347724741679,0.0,0.06870042942374696,0.0,976195.4733920542,0.0
3,-0.29049319680523966,0.0,-2.4480817431892903,0.0,-0.32813465821802235,0.0,0.12855138877281244,0.0,694506.3773330039,0.0
4,-0.08775949762176571,0.0,-0.7594340453381675,0.0,-0.26238337792690036,0.0,0.14743954319695735,0.0,634250.0018895755,0.0
5,-0.06222167922687538,0.0,-0.6118818978647962,0.0,-0.10627718125246224,0.0,0.14125730903234698,0.0,595240.9572728932,0.0
