metric,mean,std,min,max
cumulative_return,0.08243049695695923,0.02316955386626477,0.03882377434948503,0.1055544838065452
annualized_return,0.013318397855374187,0.0036685343604918653,0.006398088456194939,0.01694424149785667
annualized_volatility,0.08588135459890955,0.008304568796243675,0.07422127612590552,0.09546567134581319
sharpe_ratio,-0.12536878514929545,0.03413265724659456,-0.18926811928958173,-0.09555675891621403
sortino_ratio,-0.12174898926310944,0.029878312677532666,-0.17644777169994755,-0.09556497122465306
max_drawdown,-0.20436148180899177,0.007498693892090876,-0.21315271653195234,-0.19457751631979175
final_portfolio_value,1083437.4132396432,23371.909607412592,1039299.6982976397,1106044.9012636002
