metric,mean,std,min,max
cumulative_return,-0.2855728663272597,0.0810363664013526,-0.3511422331724451,-0.13027037493599825
annualized_return,-0.05553795357679943,0.017067718413795764,-0.06986504857081288,-0.02309937311045851
annualized_volatility,0.10263391097248382,0.0055939653775288235,0.0916554995674632,0.10691148325885191
sharpe_ratio,-0.7703390501755188,0.1370731680332256,-0.8932729456723045,-0.5161772555366048
sortino_ratio,-1.1089455697320598,0.19370714008679318,-1.2832661977765372,-0.7537744565914163
max_drawdown,-0.4651940417699808,0.048946065821921264,-0.5022693230241542,-0.3682928861497833
final_portfolio_value,716611.6147734487,81288.2254810954,650967.8174807251,872345.2002983438
