metric,mean,std,min,max
cumulative_return,-0.05711075390290519,0.012145455396290467,-0.07379281947397731,-0.040442591759612956
annualized_return,-0.00980978990310164,0.0021351821543310104,-0.012753620754380246,-0.006888688203985804
annualized_volatility,0.17200357607925576,0.018684633366022517,0.14315703788010764,0.19198410993620518
sharpe_ratio,-0.19923347324175503,0.015794212144931673,-0.2248511062994487,-0.17905678190782773
sortino_ratio,-0.5136221316826685,0.05540513527477527,-0.5769435021089239,-0.43307317275488555
max_drawdown,-0.38576808091932896,0.03740380791438835,-0.42638167728223736,-0.3149336148645396
final_portfolio_value,945192.8443805436,11950.276986290757,928667.6761753047,961513.1540199787
