iteration,mean_annualized_return,std_annualized_return,mean_sharpe_ratio,std_sharpe_ratio,mean_max_drawdown,std_max_drawdown,mean_annualized_volatility,std_annualized_volatility,mean_final_portfolio_value,std_final_portfolio_value
0,0.014134485036063049,0.016748097552076922,-0.15286361660397113,0.2541452788076436,-0.06700985618745342,0.004769379664894273,0.06561758546652115,0.000978827630480111,1014020.4355912923,16613.22135418718
1,0.09560112205031639,0.01163255035574085,0.6181360087483163,0.12334849298416227,-0.09765788862429835,0.015907909221081217,0.11643589263420824,0.005924519373131872,1110486.5931894549,17471.15245804913
2,-0.10906990951218612,0.018169033455712167,-1.9388786178386532,0.23893017230582986,-0.11797649305019127,0.01687723964323997,0.06866024296245335,0.0021735230526417947,990394.4335610926,29826.821643261286
3,-0.29109378613964587,0.01314588462012391,-2.4048214648865147,0.08213121668793276,-0.3294410679685994,0.01700914292787862,0.131160852779509,0.0047246488214105235,704372.7258252063,33421.523376404555
4,-0.06983855604986348,0.03630976461582737,-0.6710429611722183,0.24061880815912962,-0.24838776165819035,0.029104626970619586,0.13847669401481286,0.0064643168418480655,656411.4017689993,50340.494984838224
5,-0.15268713026098324,0.026798744951161527,-1.2538758206089509,0.14679432750236876,-0.1421374563927959,0.027723772358019094,0.1407481548755846,0.011257360916431343,558088.7509485913,55631.806256730764
