iteration,mean_annualized_return,std_annualized_return,mean_sharpe_ratio,std_sharpe_ratio,mean_max_drawdown,std_max_drawdown,mean_annualized_volatility,std_annualized_volatility,mean_final_portfolio_value,std_final_portfolio_value
0,-0.003874572295719969,0.0,-0.45620284904062663,0.0,-0.062099673742693894,0.0,0.061564024569101164,0.0,996156.1191011092,0.0
1,0.024539328445515984,0.0,0.002837768339509748,0.0,-0.12840215595130292,0.0,0.11566036939490743,0.0,1020502.9414481296,0.0
2,-0.1363985102196501,0.0,-2.111067977194982,0.0,-0.1403628114453676,0.0,0.07607979613435586,0.0,882334.1591148864,0.0
3,-0.3617016220280577,0.0,-2.57728605738722,0.0,-0.38998089946922054,0.0,0.1497360884846428,0.0,565202.74770394,0.0
4,-0.09327707325632284,0.0,-0.6607762527008824,0.0,-0.30660523938564826,0.0,0.17780327892718334,0.0,513080.0358416317,0.0
5,-0.130984682603588,0.0,-0.874077744338383,0.0,-0.13769112176330983,0.0,0.17755376420454644,0.0,446620.25148878375,0.0
