iteration,mean_annualized_return,std_annualized_return,mean_sharpe_ratio,std_sharpe_ratio,mean_max_drawdown,std_max_drawdown,mean_annualized_volatility,std_annualized_volatility,mean_final_portfolio_value,std_final_portfolio_value
0,0.013071521259291142,0.008718931368709833,-0.20205295199974307,0.16012409241388167,-0.0503987014272244,0.006440770187411348,0.055288088173730786,0.0014582146467832342,1012966.8129852333,8649.167322151598
1,0.05809842603205691,0.03940942389091049,0.36519526630031085,0.4234422004751579,-0.0919036381016424,0.005539635439384757,0.09355585770488854,0.006062913502812561,1057858.388211314,39247.69621820706
2,-0.10440147532172009,0.018736006165608513,-2.1164123715898335,0.34396387939675405,-0.11067609616781944,0.0195820832048341,0.0610436487380453,0.0029952317006756023,896381.065308826,18603.48845015702
3,-0.252849769042589,0.02863563931708948,-2.587146046371296,0.33115892835062993,-0.28978751788196505,0.02443992222150576,0.10750119857301374,0.005050185706077416,748876.3913979831,28471.846789407307
4,-0.05748260673584695,0.01706210054828072,-1.0775486401405143,0.23590424430805093,-0.16577477974883403,0.009740360338289587,0.07609227527815235,0.0031955518512023855,943180.057613131,16872.88014717271
5,-0.05544790921648755,0.012086080190507333,-1.0903147545311351,0.1537961773795826,-0.06236058797757869,0.00947564496725591,0.07296213134545108,0.0022761263843864305,945192.8443805436,11950.276986290757
