metric,mean,std,min,max
cumulative_return,-0.0801806321116032,0.0185272749290585,-0.1018266361680975,-0.05354857775182509
annualized_return,-0.013924812844450973,0.003321167802407028,-0.01782123494125676,-0.00917293835590649
annualized_volatility,0.1688751455363756,0.018130527438452823,0.14606971997370685,0.19772092024905397
sharpe_ratio,-0.22711234827075288,0.020332904824281687,-0.2591292532828516,-0.20811366488438227
sortino_ratio,-0.6157903185625925,0.05255025737907257,-0.7166277890951538,-0.5679065985036343
max_drawdown,-0.366002407559635,0.02838319896317425,-0.4047692574781914,-0.3261645339001959
final_portfolio_value,921694.2269513402,18364.851352686794,900552.5479921703,948197.1069767744
