metric,mean,std,min,max
cumulative_return,-0.40696680257838314,0.0,-0.40696680257838314,-0.40696680257838314
annualized_return,-0.08377122621986177,0.0,-0.08377122621986177,-0.08377122621986177
annualized_volatility,0.11616992846807926,0.0,0.11616992846807926,0.11616992846807926
sharpe_ratio,-0.9295205631519681,0.0,-0.9295205631519681,-0.9295205631519681
sortino_ratio,-1.3187894938405018,0.0,-1.3187894938405018,-1.3187894938405018
max_drawdown,-0.5410056522734596,0.0,-0.5410056522734596,-0.5410056522734596
final_portfolio_value,595240.9572728932,0.0,595240.9572728932,595240.9572728932
