iteration,mean_annualized_return,std_annualized_return,mean_sharpe_ratio,std_sharpe_ratio,mean_max_drawdown,std_max_drawdown,mean_annualized_volatility,std_annualized_volatility,mean_final_portfolio_value,std_final_portfolio_value
0,0.007561887264067435,0.023415957939521302,-0.33515127940802386,0.4486796749053843,-0.05505275168238123,0.00470438626056093,0.05318269180755862,0.0028375591991437626,1007499.5127143624,23227.796375072376
1,0.04518280697814472,0.024835292840398086,0.23706418813444854,0.2866268232748363,-0.08983362253033658,0.011067640949471878,0.08947436343602251,0.004475242965260974,1044998.3730017137,24731.925186132285
2,-0.1029611282603358,0.01296743290230874,-2.026461548363945,0.25300085592301097,-0.11099873566976179,0.011347107150559121,0.06296309589718349,0.002341694491124155,897812.0301839572,12875.187621388804
3,-0.24996325016073123,0.028838430315295656,-2.5344355797987212,0.23176650181479275,-0.28278902160232694,0.02721610292924087,0.10806623677149148,0.0025473577809849513,751746.4963114011,28676.411440991902
4,-0.05481462308384222,0.021653847188879232,-1.0196291446494254,0.27382637153537187,-0.15903769404405305,0.014407538700517107,0.07788043846400375,0.0046533333391181,945816.9895708908,21412.313606745734
5,-0.07920860314769754,0.018568289794473652,-1.3659527235102242,0.2787640397154961,-0.08348527096508129,0.013890231294051574,0.07614374878232803,0.0021895238479799684,921694.2269513402,18364.851352686794
