metric,mean,std,min,max
cumulative_return,-0.4436807540748605,0.05545317346434521,-0.5003956954441462,-0.3579100299461264
annualized_return,-0.09413579774667516,0.014871481814159917,-0.109697884209638,-0.07149660256273582
annualized_volatility,0.1150306152008113,0.004480515924367635,0.10921255070565498,0.12045617421962489
sharpe_ratio,-1.0255524203421604,0.09333204382058244,-1.1116822876724943,-0.8681023745054727
sortino_ratio,-1.4583538020351996,0.14106340774095355,-1.583163794624176,-1.2147059868975416
max_drawdown,-0.5381257772926539,0.037744268281303825,-0.5751825097182741,-0.490755332306897
final_portfolio_value,558088.7509485913,55631.806256730764,501464.6355556429,644156.0904021362
