iteration,mean_annualized_return,std_annualized_return,mean_sharpe_ratio,std_sharpe_ratio,mean_max_drawdown,std_max_drawdown,mean_annualized_volatility,std_annualized_volatility,mean_final_portfolio_value,std_final_portfolio_value
0,0.07961303333804373,0.036564203197368625,1.584588982636578,0.9674047291573501,-0.016808010433972558,0.004462932363547384,0.034998026700113295,0.004340671656449902,1078952.0086687764,36251.307851823745
1,0.0930563447365437,0.02758621638715946,0.8397044731134347,0.3396632198801294,-0.08159379660893415,0.0213198795101496,0.08178760223764736,0.017624203472821353,1092669.0831975122,27468.334578855305
2,0.02047230507821467,0.027648755214074523,-0.05649280354011186,0.6124116466389105,-0.034931416299441874,0.009933390945491394,0.045678840057097644,0.0029958907849310956,1020305.2370339787,27425.118541291078
3,-0.06694624318675843,0.01074890081573263,-1.2490911698285303,0.11921029843059396,-0.11445698880909476,0.015551883290754654,0.07365623648500777,0.010873195406034186,933566.5322464416,10669.89125678053
4,0.043106620312356014,0.03318722653957076,0.2782541804542233,0.6044624981288227,-0.05332338000085455,0.010951418897319815,0.05225341255682203,0.00989081291345302,1042576.4318614735,32778.77999808549
5,0.08448710880977348,0.02367285096866949,1.1461523002114897,0.5239291302467903,-0.026471539523001374,0.00907725911027034,0.05603708473442566,0.008253793988896198,1083437.4132396432,23371.909607412592
