iteration,mean_annualized_return,std_annualized_return,mean_sharpe_ratio,std_sharpe_ratio,mean_max_drawdown,std_max_drawdown,mean_annualized_volatility,std_annualized_volatility,mean_final_portfolio_value,std_final_portfolio_value
0,0.05699111750432713,0.0071113856765524725,0.5597299504066608,0.16761813162855904,-0.044984000208254736,0.006829741244450309,0.06009959128800528,0.006285505410158201,1056526.0699949814,7051.973787381201
1,0.0917865783488672,0.018274281611912857,0.6301083622701928,0.1492448812253869,-0.10769526110884924,0.005951672900091203,0.10657906588133118,0.005911098481522286,1153159.5706068685,23892.162021234086
2,-0.07825458959810042,0.026487440703152926,-1.5364767143070146,0.40676579809916147,-0.09464746376484612,0.016243822323782638,0.06674243813998318,0.002262360585719509,1064045.6483297616,49211.23229961799
3,-0.2603874533751715,0.034332668793231706,-2.378568574900495,0.18542258398047692,-0.3030037128877011,0.032687304377074504,0.11929322020981845,0.007522755402176211,790399.3461407134,73691.37108908707
4,-0.0461993962812556,0.033217998809615665,-0.5773016082323762,0.25754547314239845,-0.21270070157154342,0.017070824142225074,0.12090585567408205,0.009269706678150233,755311.1545685168,85567.39610962392
5,-0.05100041256623995,0.040179658554778674,-0.6433600885660566,0.3379450718155756,-0.09900153925467185,0.019015709291172262,0.11943961651697436,0.012490376774571793,716611.6147734487,81288.2254810954
